Philippe Gabriel: philippegabriel
Cheng Zhang: cheng--zhang
Phus Lu: phuslu
Hui Zhang: huizh
Zheng Chai: zheng-chai
Kaifeng Zhu: kaifengz
Chunjie Zhu: codefishmann
Simon Beaumont: simonjbeaumont
Ravi Pandey: ravipandey
